-- Inserçoes em ponto de troca
INSERT INTO PONTO_DE_TROCA VALUES ('12345678', 1000, 'SAO CARLOS', 'TRABALHADOR SAO CARLENSE', 'BANCA DA PRAÇA', TO_DATE('7:00', 'HH24:MI'), TO_DATE('18:00', 'HH24:MI'));
INSERT INTO PONTO_DE_TROCA VALUES ('87654321', 390, 'SAO PAULO', 'PAULISTA', 'BANCA DO JOSÉ', TO_DATE('8:00', 'HH24:MI'), TO_DATE('20:00', 'HH24:MI'));
INSERT INTO PONTO_DE_TROCA VALUES ('11223344', 500, 'ARARAQUARA', 'NOVE DE JULHO', 'PRAÇA 9 DE JULHO', TO_DATE('5:00', 'HH24:MI'), TO_DATE('23:00', 'HH24:MI'));
INSERT INTO PONTO_DE_TROCA VALUES ('87461947', 76, 'SAO CARLOS', 'TRABALHADOR SAO CARLENSE', 'CATEDRAL', TO_DATE('7:00', 'HH24:MI'), TO_DATE('18:00', 'HH24:MI'));
INSERT INTO PONTO_DE_TROCA VALUES ('12039011', 30, 'SAO CARLOS', 'RUA MIGUEL JOAO', 'RODOVIÁRIA', TO_DATE('4:00', 'HH24:MI'), TO_DATE('22:00', 'HH24:MI'));
INSERT INTO PONTO_DE_TROCA VALUES ('10948113', 1030, 'RIBEIRAO PRETO', 'DUQUE DE CAXIAS', 'MUSEU', TO_DATE('10:00', 'HH24:MI'), TO_DATE('18:00', 'HH24:MI'));

-- Inserçoes em Evento

INSERT INTO EVENTO (CEP, NUMERO, CIDADE, RUA, DATA_EVENTO, NOME) VALUES ('12345678', 1000, 'SAO CARLOS', 'TRABALHADOR SAO CARLENSE', TO_DATE('01/12/2022 16:00', 'DD/MM/YYYY HH24:MI'), 'BALA LOVE');
INSERT INTO EVENTO (CEP, NUMERO, CIDADE, RUA, DATA_EVENTO, NOME) VALUES ('87654321', 390, 'SAO PAULO', 'PAULISTA', TO_DATE('25/12/2022 20:00', 'DD/MM/YYYY HH24:MI'), 'ENCONTRO DE NOVATOS');
INSERT INTO EVENTO (CEP, NUMERO, CIDADE, RUA, DATA_EVENTO, NOME) VALUES ('11223344', 500, 'ARARAQUARA', 'NOVE DE JULHO', TO_DATE('31/12/2022 23:00', 'DD/MM/YYYY HH24:MI'), 'ANO NOVO');
INSERT INTO EVENTO (CEP, NUMERO, CIDADE, RUA, DATA_EVENTO, NOME) VALUES ('10948113', 1030, 'RIBEIRAO PRETO', 'DUQUE DE CAXIAS', TO_DATE('05/01/2023 07:00', 'DD/MM/YYYY HH24:MI'), 'TROCAS PRESENCIAIS');

-- Inserção em Pessoa

INSERT INTO PESSOA VALUES ('Joao_1234', NULL, 'Joao Augusto', TO_DATE('21/12/2002','DD/MM/YYYY'), '12345678', 20, 'SAO CARLOS', 'TRABALHADOR SAO CARLENSE');
INSERT INTO PESSOA VALUES ('PedroTrocador', '94766301836', 'Pedro Andrade', TO_DATE('13/12/2002','DD/MM/YYYY'), NULL, NULL, NULL, NULL);
INSERT INTO PESSOA VALUES ('LucasRaio', '80473628462', 'Lucas Roris', TO_DATE('05/05/2001','DD/MM/YYYY'), '11223344', 900, 'ARARAQUARA', 'NOVE DE JULHO');
INSERT INTO PESSOA VALUES ('MariaElena', 'NULL', 'Maria Elena', TO_DATE('09/06/2002','DD/MM/YYYY'), '83647501', 390, 'SAO PAULO', 'PAULISTA');
INSERT INTO PESSOA VALUES ('AugustoParro', '18455382291', 'Augusto Pereira Parro', TO_DATE('04/11/2003','DD/MM/YYYY'), NULL, NULL, NULL, NULL);
INSERT INTO PESSOA VALUES ('GabrielVini', '04756395735', 'Gabriel Vinicius', TO_DATE('20/05/2000','DD/MM/YYYY'), NULL, NULL, NULL, NULL);
INSERT INTO PESSOA VALUES ('Roma', '19482658840', 'Gustavo Romanini', TO_DATE('30/12/2002','DD/MM/YYYY'), '48467381', 495, 'RIBEIRAO PRETO', 'DUQUE DE CAXIAS');
INSERT INTO PESSOA VALUES ('Max', NULL, 'Maxsuel Fernandes', TO_DATE('04/09/2002','DD/MM/YYYY'), '10948113', 30, 'RIBEIRAO PRETO', 'DUQUE DE CAXIAS');
INSERT INTO PESSOA VALUES ('Humberto', '84756305821', 'Lucas Humberto', TO_DATE('14/06/2001','DD/MM/YYYY'), NULL, NULL, NULL, NULL);
INSERT INTO PESSOA VALUES ('Ricardo', '98462274829', 'Ricardo Andrade', TO_DATE('13/07/2000','DD/MM/YYYY'), '85647291', 390, 'SAO PAULO', 'ALPHAVILLE');


-- Inserção em Colecionador

INSERT INTO COLECIONADOR VALUES ('Joao_1234');
INSERT INTO COLECIONADOR VALUES ('PedroTrocador');
INSERT INTO COLECIONADOR VALUES ('LucasRaio');
INSERT INTO COLECIONADOR VALUES ('Ricardo');
INSERT INTO COLECIONADOR VALUES ('Humberto');
INSERT INTO COLECIONADOR VALUES ('Roma');
INSERT INTO COLECIONADOR VALUES ('GabrielVini');
INSERT INTO COLECIONADOR VALUES ('MariaElena');

-- Inserção em Organizador

INSERT INTO ORGANIZADOR VALUES ('Humberto');
INSERT INTO ORGANIZADOR VALUES ('Ricardo');
INSERT INTO ORGANIZADOR VALUES ('MariaElena');

-- Inserção em Dono de banca

INSERT INTO DONO_BANCA VALUES ('Roma', 19746294);
INSERT INTO DONO_BANCA VALUES ('AugustoParro', 10384832);
INSERT INTO DONO_BANCA VALUES ('Ricardo', 1048362);

-- Inserção em Funcao

INSERT INTO FUNCAO VALUES ('Joao_1234', 'COLECIONADOR');
INSERT INTO FUNCAO VALUES ('PedroTrocador', 'COLECIONADOR');
INSERT INTO FUNCAO VALUES ('LucasRaio', 'COLECIONADOR');
INSERT INTO FUNCAO VALUES ('Ricardo', 'COLECIONADOR');
INSERT INTO FUNCAO VALUES ('Humberto', 'COLECIONADOR');
INSERT INTO FUNCAO VALUES ('Roma', 'COLECIONADOR');
INSERT INTO FUNCAO VALUES ('GabrielVini', 'COLECIONADOR');
INSERT INTO FUNCAO VALUES ('MariaElena', 'COLECIONADOR');

INSERT INTO FUNCAO VALUES ('Humberto', 'ORGANIZADOR');
INSERT INTO FUNCAO VALUES ('Ricardo', 'ORGANIZADOR');
INSERT INTO FUNCAO VALUES ('MariaElena', 'ORGANIZADOR');

INSERT INTO FUNCAO VALUES ('Roma', 'DONO DE BANCA');
INSERT INTO FUNCAO VALUES ('AugustoParro', 'DONO DE BANCA');
INSERT INTO FUNCAO VALUES ('Ricardo', 'DONO DE BANCA');

-- Inserção em Banca

INSERT INTO BANCA VALUES ('12345678', 1000, 'SAO CARLOS', 'TRABALHADOR SAO CARLENSE', '85716483719485', 'Roma');
INSERT INTO BANCA VALUES ('87654321', 390, 'SAO PAULO', 'PAULISTA', '19574638274958', 'AugustoParro');
INSERT INTO BANCA VALUES ('11223344', 500, 'ARARAQUARA', 'NOVE DE JULHO', '48374956881736', 'Ricardo');

-- Inserção em Compra

INSERT INTO COMPRA VALUES ('LucasRaio','12345678','85716483719485');
INSERT INTO COMPRA VALUES ('LucasRaio','8475914104','85716483719485');
INSERT INTO COMPRA VALUES ('Ricardo','41084712937','85716483719485');
INSERT INTO COMPRA VALUES ('GabrielVini','123489234','85716483719485');

-- Inserção em Divulga

INSERT INTO DIVULGA VALUES ('Roma',1);
INSERT INTO DIVULGA VALUES ('AugustoParro',1);
INSERT INTO DIVULGA VALUES ('Roma',2);
INSERT INTO DIVULGA VALUES ('AugustoParro',2);
INSERT INTO DIVULGA VALUES ('MariaElena',1);
INSERT INTO DIVULGA VALUES ('Max',3);
INSERT INTO DIVULGA VALUES ('Ricardo',1);
INSERT INTO DIVULGA VALUES ('Ricardo',3);

-- Inserção em Organização de evento

INSERT INTO ORG_EVENTO VALUES (1,'Humberto','Top Organização');
INSERT INTO ORG_EVENTO VALUES (2,'Ricardo','Time Scrum');
INSERT INTO ORG_EVENTO VALUES (3,'MariaElena','Criadores de Sonhos');

-- Inserção em Voluntaria

INSERT INTO VOLUNTARIA VALUES ('Max',1);
INSERT INTO VOLUNTARIA VALUES ('PedroTrocador',1);
INSERT INTO VOLUNTARIA VALUES ('Humberto',3);
INSERT INTO VOLUNTARIA VALUES ('MariaElena',2);
INSERT INTO VOLUNTARIA VALUES ('Roma',1);
INSERT INTO VOLUNTARIA VALUES ('PedroTrocador',3);
INSERT INTO VOLUNTARIA VALUES ('Max',2);

-- Inserção em Participa

INSERT INTO PARTICIPA VALUES ('Humberto',1);
INSERT INTO PARTICIPA VALUES ('PedroTrocador',1);
INSERT INTO PARTICIPA VALUES ('Humberto',3);
INSERT INTO PARTICIPA VALUES ('MariaElena',2);
INSERT INTO PARTICIPA VALUES ('Roma',1);
INSERT INTO PARTICIPA VALUES ('PedroTrocador',3);
INSERT INTO PARTICIPA VALUES ('Humberto',2);
INSERT INTO PARTICIPA VALUES ('Ricardo',1);
INSERT INTO PARTICIPA VALUES ('Joao_1234',3);
INSERT INTO PARTICIPA VALUES ('GabrielVini',2);

-- Inserção em Álbum

INSERT INTO ALBUM VALUES ('123','Copa2022');
INSERT INTO ALBUM VALUES ('245','Copa2018');
INSERT INTO ALBUM VALUES ('623','Copa2014');

-- Inserção em Figurinhas

INSERT INTO FIGURINHA VALUES ('BR-000','123','Brilhante');
INSERT INTO FIGURINHA VALUES ('BR-001','123','Normal');
INSERT INTO FIGURINHA VALUES ('BR-002','123','Normal');
INSERT INTO FIGURINHA VALUES ('BR-003','123','Normal');
INSERT INTO FIGURINHA VALUES ('BR-004','123','Normal');

INSERT INTO FIGURINHA VALUES ('BR-000','245','Brilhante');
INSERT INTO FIGURINHA VALUES ('BR-001','245','Normal');
INSERT INTO FIGURINHA VALUES ('BR-002','245','Normal');
INSERT INTO FIGURINHA VALUES ('BR-003','245','Normal');
INSERT INTO FIGURINHA VALUES ('BR-004','245','Normal');

INSERT INTO FIGURINHA VALUES ('BR-000','623','Brilhante');
INSERT INTO FIGURINHA VALUES ('BR-001','623','Normal');
INSERT INTO FIGURINHA VALUES ('BR-002','623','Normal');
INSERT INTO FIGURINHA VALUES ('BR-003','623','Normal');
INSERT INTO FIGURINHA VALUES ('BR-004','623','Normal');

-- Inserção em Figurinha do colecionador

INSERT INTO FIGURINHA_COLECIONADOR VALUES ('LucasRaio','BR-000','123','BR000_COPA_2022',1);
INSERT INTO FIGURINHA_COLECIONADOR VALUES ('LucasRaio','BR-001','123','BR001_COPA_2022',1);
INSERT INTO FIGURINHA_COLECIONADOR VALUES ('LucasRaio','BR-002','123','BR002_COPA_2022',1);

INSERT INTO FIGURINHA_COLECIONADOR VALUES ('Roma','BR-002','123','BR001_COPA_2022',1);
INSERT INTO FIGURINHA_COLECIONADOR VALUES ('Roma','BR-003','123','BR001_COPA_2022',1);
INSERT INTO FIGURINHA_COLECIONADOR VALUES ('Roma','BR-004','123','BR001_COPA_2022',1);

INSERT INTO FIGURINHA_COLECIONADOR VALUES ('LucasRaio','BR-000','123','BR001_COPA_2022',1);
INSERT INTO FIGURINHA_COLECIONADOR VALUES ('LucasRaio','BR-000','123','BR001_COPA_2022',1);
INSERT INTO FIGURINHA_COLECIONADOR VALUES ('LucasRaio','BR-000','123','BR001_COPA_2022',1);
